Workbook

Sheet archetypes
E1: Archetype | F1: Verisk | I1: Archetype | J1: EPC | M1: Archetype | N1: Verisk | O1: EPC | Q1: Archetype | R1: Verisk | S1: EPC
D2: final | E2: B-SD | F2: 17547 | H2: final | I2: B-SD | J2: 28810 | M2: SD-V | N2: =F8 -> 45367 | O2: =J8 -> 4926 | Q2: *DT-V | R2: =N7 -> 35529 | S2: =O7 -> 8339.5
D3: final | E3: B-DT | F3: 17001 | H3: final | I3: B-DT | J3: 21349 | M3: SD-R | N3: =F7 -> 61095 | O3: =J6 -> 143479 | Q3: DT-L | R3: =N9 -> 30448 | S3: =O9 -> 3697.6667
E4: DT-L or DT-V | F4: 65977 | H4: final | I4: DT-R | J4: 42502 | M4: SD-S | N4: =F6 -> 109739 | O4: =J7 -> 23119 | Q4: T-GE | R4: =N11 -> 4859 | S4: =O11 -> 30
D5: final | E5: DT-R | F5: 27446 | I5: DT-L or DT-V | J5: 13886 | M5: B-SD | N5: =F2 -> 17547 | O5: =J2 -> 28810 | Q5: *SD-V | R5: =N2 -> 45367 | S5: =O2 -> 4926
D6: final | E6: SD-S | F6: 109739 | H6: final | I6: SD-R | J6: 143479 | M6: B-DT | N6: =F3 -> 17001 | O6: =J3 -> 21349 | Q6: T-GM | R6: =N10 -> 4894 | S6: =O10 -> 385
D7: final | E7: SD-R | F7: 61095 | H7: final | I7: SD-S | J7: 23119 | M7: DT-V | N7: =F23 -> 35529 | O7: =J23 -> 8339.5 | Q7: *T-VE | R7: =N13 -> 21068 | S7: =O13 -> 4819
D8: final | E8: SD-V | F8: 45367 | H8: final | I8: SD-V | J8: 4926 | M8: DT-R | N8: =F5 -> 27446 | O8: =J4 -> 42502 | Q8: B-DT | R8: =N6 -> 17001 | S8: =O6 -> 21349
E9: TR-M | F9: 45102 | H9: final | I9: TR-M | J9: 88455 | M9: DT-L | N9: =F22 -> 30448 | O9: =J22 -> 3697.6667 | Q9: *T-VM | R9: =N12 -> 30876 | S9: =O12 -> 9060
E10: TV-M | F10: 25417 | H10: final | I10: TV-M | J10: 9060 | M10: TG-M | N10: =F43 -> 4894 | O10: =J11 -> 385 | Q10: DT-R | R10: =N8 -> 27446 | S10: =O8 -> 42502
E11: TG-M | F11: 1460 | H11: final | I11: TG-M | J11: 385 | M11: TG-E | N11: =F44 -> 4859 | O11: =J14 -> 30 | Q11: SD-S | R11: =N4 -> 109739 | S11: =O4 -> 23119
E12: TR-E | F12: 16687 | H12: final | I12: TR-E | J12: 42253 | M12: TV-M | N12: =F36 -> 30876 | O12: =J10 -> 9060 | Q12: *T-RE | R12: =N15 -> 24716 | S12: =O15 -> 42253
E13: TV-E | F13: 15609 | H13: final | I13: TV-E | J13: 4819 | M13: TV-E | N13: =F37 -> 21068 | O13: =J13 -> 4819 | Q13: SD-R | R13: =N3 -> 61095 | S13: =O3 -> 143479
E14: TG-E | F14: 1425 | H14: final | I14: TG-E | J14: 30 | M14: TR-M | N14: =F29 -> 53131 | O14: =J9 -> 88455 | Q14: B-SD | R14: =N5 -> 17547 | S14: =O5 -> 28810
E15: TR | F15: 16058 | M15: TR-E | N15: =F30 -> 24716 | O15: =J12 -> 42253 | Q15: *T-RM | R15: =N14 -> 53131 | S15: =O14 -> 88455
E16: TV | F16: 10918
E17: TG | F17: 6868 | N17: =SUM(N2:N15) -> 483716 | O17: =SUM(O2:O15) -> 421224.17 | R17: =SUM(R2:R15) -> 483716
E19: DT-L or DT-V | I19: DT-L or DT-V
E20: premise_floor_count > 2 | F20: 5081 | I20: premise_floor_count > 2 | J20: 2793
E21: premise_floor_count <= 2 | F21: =F4-F20 -> 60896 | I21: premise_floor_count <= 2 | J21: =J5-J20 -> 11093
D22: final | E22: DT-L | F22: =F21/2 -> 30448 | H22: final | I22: DT-L | J22: =J21/3 -> 3697.6667
D23: final | E23: DT-V | F23: =(F21/2)+F20 -> 35529 | H23: final | I23: DT-V | J23: =(J21/2)+J20 -> 8339.5
E25: TR
D26: pre | E26: TR-M | F26: =F9 -> 45102
D27: pre | E27: TR-E | F27: =F12 -> 16687
D28: pre | E28: TR | F28: =F15 -> 16058
D29: final | E29: TR-M | F29: =F26+(F28/2) -> 53131
D30: final | E30: TR-E | F30: =F27+(F28/2) -> 24716
E32: TV
D33: pre | E33: TV-M | F33: =F10 -> 25417
D34: pre | E34: TV-E | F34: =F13 -> 15609
D35: pre | E35: TV | F35: =F16 -> 10918
D36: final | E36: TV-M | F36: =F33+(F35/2) -> 30876
D37: final | E37: TV-E | F37: =F34+(F35/2) -> 21068
E39: TG
D40: pre | E40: TG-M | F40: =F11 -> 1460
D41: pre | E41: TG-E | F41: =F14 -> 1425
D42: pre | E42: TG | F42: =F17 -> 6868
D43: final | E43: TG-M | F43: =F40+(F42/2) -> 4894
D44: final | E44: TG-E | F44: =F41+(F42/2) -> 4859

Sheet stocksize
A1: Archetype | B1: Verisk | C1: EPC
A2: *DT-V | B2: =archetypes!R2 -> 35529 | C2: =archetypes!S2 -> 8339.5
A3: DT-L | B3: =archetypes!R3 -> 30448 | C3: =archetypes!S3 -> 3697.6667
A4: T-GE | B4: =archetypes!R4 -> 4859 | C4: =archetypes!S4 -> 30
A5: *SD-V | B5: =archetypes!R5 -> 45367 | C5: =archetypes!S5 -> 4926
A6: T-GM | B6: =archetypes!R6 -> 4894 | C6: =archetypes!S6 -> 385
A7: *T-VE | B7: =archetypes!R7 -> 21068 | C7: =archetypes!S7 -> 4819
A8: B-DT | B8: =archetypes!R8 -> 17001 | C8: =archetypes!S8 -> 21349
A9: *T-VM | B9: =archetypes!R9 -> 30876 | C9: =archetypes!S9 -> 9060
A10: DT-R | B10: =archetypes!R10 -> 27446 | C10: =archetypes!S10 -> 42502
A11: SD-S | B11: =archetypes!R11 -> 109739 | C11: =archetypes!S11 -> 23119
A12: *T-RE | B12: =archetypes!R12 -> 24716 | C12: =archetypes!S12 -> 42253
A13: SD-R | B13: =archetypes!R13 -> 61095 | C13: =archetypes!S13 -> 143479
... A15: *T-RM | B15: =archetypes!R15 -> 53131 | C15: =archetypes!S15 -> 88455
